{
  "overallTargetAchivements": [
    {
      "target": "0",
      "paramName": "Enquiry",
      "shortfall": "0",
      "achievment": "0",
      "shortFallPerc": "0%",
      "achivementPerc": "0%",
      "paramShortName": "Enq"
    },
    {
      "target": "0",
      "paramName": "Test Drive",
      "shortfall": "0",
      "achievment": "0",
      "shortFallPerc": "0%",
      "achivementPerc": "0%",
      "paramShortName": "Tdr"
    },
    {
      "target": "0",
      "paramName": "Finance",
      "shortfall": "0",
      "achievment": "0",
      "shortFallPerc": "0%",
      "achivementPerc": "0%",
      "paramShortName": "Fin"
    },
    {
      "target": "0",
      "paramName": "Insurance",
      "shortfall": "0",
      "achievment": "0",
      "shortFallPerc": "0%",
      "achivementPerc": "0%",
      "paramShortName": "Ins"
    },
    {
      "target": "0",
      "paramName": "Accessories",
      "shortfall": "0",
      "achievment": "0",
      "shortFallPerc": "0%",
      "achivementPerc": "0%",
      "paramShortName": "Acc"
    },
    {
      "target": "0",
      "paramName": "Booking",
      "shortfall": "0",
      "achievment": "0",
      "shortFallPerc": "0%",
      "achivementPerc": "0%",
      "paramShortName": "Bkg"
    },
    {
      "target": "0",
      "paramName": "Home Visit",
      "shortfall": "0",
      "achievment": "0",
      "shortFallPerc": "0%",
      "achivementPerc": "0%",
      "paramShortName": "Vt"
    },
    {
      "target": "0",
      "paramName": "Exchange",
      "shortfall": "0",
      "achievment": "0",
      "shortFallPerc": "0%",
      "achivementPerc": "0%",
      "paramShortName": "Exg"
    },
    {
      "target": "0",
      "paramName": "INVOICE",
      "shortfall": "0",
      "achievment": "0",
      "shortFallPerc": "0%",
      "achivementPerc": "0%",
      "paramShortName": "Ret"
    }
  ],
  "employeeTargetAchievements": [
    {
      "empId": 103,
      "orgId": "1",
      "empName": "SIRRA RAJU",
      "branchId": "244",
      "targetAchievements": [
        {
          "target": "0",
          "paramName": "Enquiry",
          "shortfall": "0",
          "achievment": "0",
          "shortFallPerc": "0%",
          "achivementPerc": "0%",
          "paramShortName": "Enq"
        },
        {
          "target": "0",
          "paramName": "Test Drive",
          "shortfall": "0",
          "achievment": "0",
          "shortFallPerc": "0%",
          "achivementPerc": "0%",
          "paramShortName": "Tdr"
        },
        {
          "target": "0",
          "paramName": "Finance",
          "shortfall": "0",
          "achievment": "0",
          "shortFallPerc": "0%",
          "achivementPerc": "0%",
          "paramShortName": "Fin"
        },
        {
          "target": "0",
          "paramName": "Insurance",
          "shortfall": "0",
          "achievment": "0",
          "shortFallPerc": "0%",
          "achivementPerc": "0%",
          "paramShortName": "Ins"
        },
        {
          "target": "0",
          "paramName": "Accessories",
          "shortfall": "0",
          "achievment": "0",
          "shortFallPerc": "0%",
          "achivementPerc": "0%",
          "paramShortName": "Acc"
        },
        {
          "target": "0",
          "paramName": "Booking",
          "shortfall": "0",
          "achievment": "0",
          "shortFallPerc": "0%",
          "achivementPerc": "0%",
          "paramShortName": "Bkg"
        },
        {
          "target": "0",
          "paramName": "Home Visit",
          "shortfall": "0",
          "achievment": "0",
          "shortFallPerc": "0%",
          "achivementPerc": "0%",
          "paramShortName": "Vt"
        },
        {
          "target": "0",
          "paramName": "Exchange",
          "shortfall": "0",
          "achievment": "0",
          "shortFallPerc": "0%",
          "achivementPerc": "0%",
          "paramShortName": "Exg"
        },
        {
          "target": "0",
          "paramName": "INVOICE",
          "shortfall": "0",
          "achievment": "0",
          "shortFallPerc": "0%",
          "achivementPerc": "0%",
          "paramShortName": "Ret"
        }
      ],
      "targetAchievementsMap": {
        "Events": 0,
        "Booking": 0,
        "Enquiry": 0,
        "Finance": 0,
        "INVOICE": 0,
        "Exchange": 0,
        "Insurance": 0,
        "Home Visit": 0,
        "Test Drive": 0,
        "Accessories": 0,
        "Video Conference": 0
      }
    }
  ]
}