[
  {
    "target": "0",
    "paramName": "PreEnquiry",
    "shortfall": "0",
    "achievment": "0",
    "shortFallPerc": "0%",
    "achivementPerc": "0%",
    "paramShortName": "Con"
  },
  {
    "target": "0",
    "paramName": "Enquiry",
    "shortfall": "0",
    "achievment": "0",
    "shortFallPerc": "0%",
    "achivementPerc": "0%",
    "paramShortName": "Enq"
  },
  {
    "target": "0",
    "paramName": "Test Drive",
    "shortfall": "0",
    "achievment": "0",
    "shortFallPerc": "0%",
    "achivementPerc": "0%",
    "paramShortName": "Tdr"
  },
  {
    "target": "0",
    "paramName": "Finance",
    "shortfall": "0",
    "achievment": "0",
    "shortFallPerc": "0%",
    "achivementPerc": "0%",
    "paramShortName": "Fin"
  },
  {
    "target": "0",
    "paramName": "Insurance",
    "shortfall": "0",
    "achievment": "0",
    "shortFallPerc": "0%",
    "achivementPerc": "0%",
    "paramShortName": "Ins"
  },
  {
    "target": "0",
    "paramName": "Accessories",
    "shortfall": "0",
    "achievment": "0",
    "shortFallPerc": "0%",
    "achivementPerc": "0%",
    "paramShortName": "Acc"
  },
  {
    "target": "0",
    "paramName": "Booking",
    "shortfall": "0",
    "achievment": "0",
    "shortFallPerc": "0%",
    "achivementPerc": "0%",
    "paramShortName": "Bkg"
  },
  {
    "target": "0",
    "paramName": "Home Visit",
    "shortfall": "0",
    "achievment": "0",
    "shortFallPerc": "0%",
    "achivementPerc": "0%",
    "paramShortName": "Vt"
  },
  {
    "target": "0",
    "paramName": "Exchange",
    "shortfall": "0",
    "achievment": "0",
    "shortFallPerc": "0%",
    "achivementPerc": "0%",
    "paramShortName": "Exg"
  },
  {
    "target": "0",
    "paramName": "INVOICE",
    "shortfall": "0",
    "achievment": "0",
    "shortFallPerc": "0%",
    "achivementPerc": "0%",
    "paramShortName": "Ret"
  }
]
